qid,query
156493,do goldfish grow
1110199,what is wifi vs bluetooth
1063750,why did the us volunterilay enter ww1
130510,definition declaratory judgment
489204,right pelvic pain causes
573724,what are the social determinants of health
168216,does legionella pneumophila cause pneumonia
1133167,how is the weather in jamaica
527433,types of dysarthria from cerebral palsy
1037798,who is robert gray
915593,what types of food can you cook sous vide
264014,how long is life cycle of flea
1121402,what can contour plowing reduce
962179,when was the salvation army founded
1117099,what is a active margin
148538,difference between rn and bsn
451602,medicare s definition of mechanical ventilation
359349,how to find the midsegment of a trapezoid
1115776,what is an aml surveillance analyst
1112341,what is the daily life of thai people
131843,definition of a sigmet
104861,cost of interior concrete flooring
833860,what is the most popular food in switzerland
207786,how are some sharks warm blooded
1114819,what is durable medical equipment consist of
183378,exons definition biology
1106007,define visceral
1124210,tracheids are part of
490595,rsa definition key
1103812,who formed the commonwealth of independent states
87181,causes of left ventricular hypertrophy
443396,lps laws definition
1121709,what are the three percenters
87452,causes of military suicide
855410,what is theraderm used for
1114646,what is famvir prescribed for
19335,anthropological definition of environment
47923,axon terminals or synaptic knob definition
405717,is cdg airport in main paris
182539,example of monotonic function
1113437,what is physical description of spruce
1129237,hydrogen is a liquid below what temperature
146187,difference between a mcdouble and a double cheeseburger
1030303,who is aziz hashim
1037496,who is rep scalise
1043135,who killed nicholas ii of russia
1051399,who sings monk theme song
1064670,why do hunters pattern their shotguns
1071750,why is pete rose banned from hall of fame
1105792,define geon
1106979,define pareto chart in statistics
1108651,what the best way to get clothes white
1109707,what medium do radio waves travel through
1110678,what is the un fao
1113256,what is reba mcentire s net worth
1115210,what is chaff and flare
1116380,what is a nonconformity earth science
1121353,what can you do about discrimination in the workplace in oklahoma city
1122767,what amino produces carnitine
1127540,meaning of shebang
1131069,how many sons robert kraft has
1132532,average annual income data analyst
1133579,how does granulation tissue start
1136043,difference between a hotel and motel
1136047,difference between a company s strategy and business model is
1136962,why did the ancient egyptians call their land kemet or black land
118440,define bmt medical
121171,define etruscans
135802,definition of laudable
141630,describe how muscles and bones work together to produce movement
156498,do google docs auto save
169208,does mississippi have an income tax
174463,dog day afternoon meaning
23849,are naturalization records public information
258062,how long does it take to remove wisdom tooth
324585,how much money do motivational speakers make
330975,how much would it cost to install my own wind turbine
332593,how often to button quail lay eggs
336901,how old is vanessa redgrave
390360,ia suffix meaning
405163,is caffeine an narcotic
42255,average salary for dental hygienist in nebraska
47210,average wedding dress alteration cost
555530,what are best foods to lower cholesterol
583468,what carvedilol used for
640502,what does it mean if your tsh is low
67316,can fever cause miscarriage early pregnancy
673670,what is a alm
701453,what is a statutory deed
730539,what is chronometer who invented it
768208,what is mamey
877809,what metal are hip replacements made of
911232,what type of conflict does della face in o henry the gift of the magi
914916,what type of tissue are bronchioles
938400,when did family feud come out
940547,when did rock n roll begin
997622,where is the show shameless filmed
